<?xml version="1.0" encoding="UTF-8"?>
<beans xmlns="http://www.springframework.org/schema/beans"
       xmlns:xsi="http://www.w3.org/2001/XMLSchema-instance"
       xmlns:mvc="http://www.springframework.org/schema/mvc"
       xmlns:context="http://www.springframework.org/schema/context"
       xsi:schemaLocation="
        http://www.springframework.org/schema/mvc http://www.springframework.org/schema/mvc/spring-mvc-3.1.xsd
        http://www.springframework.org/schema/beans http://www.springframework.org/schema/beans/spring-beans.xsd
        http://www.springframework.org/schema/context http://www.springframework.org/schema/context/spring-context-3.1.xsd">

    <!-- 패키지 스캔 설정 -->
    <context:component-scan base-package="com.everdays.myapp"/>
   
    

    <!-- 어노테이션 기반 MVC 활성화 -->
    <mvc:annotation-driven/>

    <!-- JSON 메시지 변환기 등록 -->
    <bean id="jacksonMessageConverter" class="org.springframework.http.converter.json.MappingJackson2HttpMessageConverter"/>

    <!-- 뷰 리졸버 설정 -->
    <bean class="org.springframework.web.servlet.view.InternalResourceViewResolver">
        <property name="prefix" value="/WEB-INF/views/"/>
        <property name="suffix" value=".jsp"/>
    </bean>

    <!-- 기본 홈 매핑 -->
    <mvc:view-controller path="/" view-name="home"/>

    <!-- 정적 리소스 매핑 설정 -->
    <mvc:resources location="/resources/" mapping="/resources/**"/>
    <mvc:resources location="/resources/image/" mapping="/image/**"/>
    <mvc:resources location="/resources/js/" mapping="/js/**"/>
    <mvc:resources location="/resources/css/" mapping="/css/**"/>

    <!-- 예외 처리 설정 -->
	<bean id="exceptionResolver" class="org.springframework.web.servlet.handler.SimpleMappingExceptionResolver">
	    <property name="exceptionMappings">
	        <props>
	            <prop key="java.lang.RuntimeException">userMgmt/loginForm</prop> 
	        </props>
	    </property>
	    <property name="defaultErrorView" value="userMgmt/loginForm"/> 
	</bean>


</beans>
