{
  "data": [
    {"연도": 2025, "독거노인 우울증 수": 55577},
    {"연도": 2026, "독거노인 우울증 수": 55690},
    {"연도": 2027, "독거노인 우울증 수": 58323},
    {"연도": 2028, "독거노인 우울증 수": 60990},
    {"연도": 2029, "독거노인 우울증 수": 63692},
    {"연도": 2030, "독거노인 우울증 수": 66428},
    {"연도": 2031, "독거노인 우울증 수": 69200},
    {"연도": 2032, "독거노인 우울증 수": 72007},
    {"연도": 2033, "독거노인 우울증 수": 74850},
    {"연도": 2034, "독거노인 우울증 수": 77730},
    {"연도": 2035, "독거노인 우울증 수": 80646},
    {"연도": 2036, "독거노인 우울증 수": 83599},
    {"연도": 2037, "독거노인 우울증 수": 86589},
    {"연도": 2038, "독거노인 우울증 수": 89617},
    {"연도": 2039, "독거노인 우울증 수": 92684},
    {"연도": 2040, "독거노인 우울증 수": 95789},
    {"연도": 2041, "독거노인 우울증 수": 98933},
    {"연도": 2042, "독거노인 우울증 수": 102116},
    {"연도": 2043, "독거노인 우울증 수": 105339},
    {"연도": 2044, "독거노인 우울증 수": 108602},
    {"연도": 2045, "독거노인 우울증 수": 111905},
    {"연도": 2046, "독거노인 우울증 수": 115250},
    {"연도": 2047, "독거노인 우울증 수": 118635},
    {"연도": 2048, "독거노인 우울증 수": 122063},
    {"연도": 2049, "독거노인 우울증 수": 125533},
    {"연도": 2050, "독거노인 우울증 수": 129045},
    {"연도": 2051, "독거노인 우울증 수": 132600},
    {"연도": 2052, "독거노인 우울증 수": 136199},
    {"연도": 2053, "독거노인 우울증 수": 139842},
    {"연도": 2054, "독거노인 우울증 수": 143529},
    {"연도": 2055, "독거노인 우울증 수": 147260},
    {"연도": 2056, "독거노인 우울증 수": 151037},
    {"연도": 2057, "독거노인 우울증 수": 154860},
    {"연도": 2058, "독거노인 우울증 수": 158729},
    {"연도": 2059, "독거노인 우울증 수": 162644},
    {"연도": 2060, "독거노인 우울증 수": 166606},
    {"연도": 2061, "독거노인 우울증 수": 170616},
    {"연도": 2062, "독거노인 우울증 수": 174674},
    {"연도": 2063, "독거노인 우울증 수": 178780},
    {"연도": 2064, "독거노인 우울증 수": 182935},
    {"연도": 2065, "독거노인 우울증 수": 187140},
    {"연도": 2066, "독거노인 우울증 수": 191394},
    {"연도": 2067, "독거노인 우울증 수": 195699},
    {"연도": 2068, "독거노인 우울증 수": 200055},
    {"연도": 2069, "독거노인 우울증 수": 204462},
    {"연도": 2070, "독거노인 우울증 수": 208921}
  ]
}
