<?xml version="1.0" encoding="UTF-8"?>
<beans xmlns="http://www.springframework.org/schema/beans"
       xmlns:xsi="http://www.w3.org/2001/XMLSchema-instance"
       xmlns:context="http://www.springframework.org/schema/context"
       xsi:schemaLocation="
           http://www.springframework.org/schema/beans 
           http://www.springframework.org/schema/beans/spring-beans.xsd
           http://www.springframework.org/schema/context 
           http://www.springframework.org/schema/context/spring-context.xsd">

    <!-- JNDI로 context.xml의 Oracle11g 리소스를 참조 -->
    <bean id="dataSource" class="org.springframework.jndi.JndiObjectFactoryBean">
        <property name="jndiName" value="java:comp/env/jdbc/Oracle11g"/>
    </bean>

    <!-- JdbcTemplate 등록 -->
    <bean id="jdbcTemplate" class="org.springframework.jdbc.core.JdbcTemplate">
        <property name="dataSource" ref="dataSource"/>
    </bean>
    
    <bean id="passwordEncoder" class="org.springframework.security.crypto.bcrypt.BCryptPasswordEncoder" />  

    <!-- 컴포넌트 스캔 -->
    <context:component-scan base-package="com.everdays.myapp" />
</beans>
